variable,variable_label,original_question,recode_type,value_labels,missing_note
id,ID,ID,identifier,,
age_group,What is your age?,What is your age?,categorical/ordinal recode,"{""1"": ""18-24"", ""2"": ""25-34"", ""3"": ""35-44"", ""4"": ""45-54"", ""5"": ""55-64"", ""6"": ""65+""}",
gender,Are you...?,Are you...?,categorical/ordinal recode,"{""1"": ""Female"", ""2"": ""Male"", ""3"": ""Other"", ""4"": ""Prefer not to say""}",
sexual_orientation,Which of the following options best describes how you think of yourself?,Which of the following options best describes how you think of yourself?,categorical/ordinal recode,"{""1"": ""Heterosexual or Straight"", ""2"": ""Gay or Lesbian"", ""3"": ""Bisexual"", ""4"": ""Other and/or Prefer to self-describe"", ""5"": ""Prefer not to say""}",
ethnicity,Which one of the following best describes your ethnic group or background?,Which one of the following best describes your ethnic group or background?,categorical/ordinal recode,"{""1"": ""White"", ""2"": ""Mixed or Multiple"", ""3"": ""Black, Black British, Black Welsh, Caribbean or African"", ""4"": ""Asian, Asian British, Asian Welsh"", ""5"": ""White British"", ""6"": ""Srilankan/Indian"", ""8"": ""IRANIAN"", ""9"": ""Latino"", ""10"": ""Prefer not to say"", ""11"": ""indian"", ""12"": ""Rroma"", ""13"": ""Middleast""}",
study_mode,Are you currently studying full-time or part time?,Are you currently studying full-time or part time?,categorical/ordinal recode,"{""1"": ""Full-time"", ""2"": ""Part-time""}",
study_level,What level are you currently studying at?,What level are you currently studying at?,categorical/ordinal recode,"{""1"": ""Level 4 (UG First Year)"", ""2"": ""Level 5 (UG Second Year)"", ""3"": ""Level 6 (UG Third Year)"", ""4"": ""Level 7 (PG Masters)"", ""5"": ""Level 8 (Doctoral Study)"", ""6"": ""Other""}",
living_situation,Please select the option that best describes your living situation during semester time,Please select the option that best describes your living situation during semester time,categorical/ordinal recode,"{""1"": ""Living at home with parents or caregivers"", ""2"": ""Living in private accommodation in Northampton"", ""3"": ""Living in private accommodation outside of Northampton"", ""4"": ""Living in university managed accommodation"", ""5"": ""Other living arrangements""}",
phys_health,"In general, how would you rate your physical health?","In general, how would you rate your physical health?",categorical/ordinal recode,"{""1"": ""Very poor"", ""2"": ""Poor"", ""3"": ""Fair"", ""4"": ""Good"", ""5"": ""Very good""}",
ment_health,"In general, how would you rate your mental health?","In general, how would you rate your mental health?",categorical/ordinal recode,"{""1"": ""Very poor"", ""2"": ""Poor"", ""3"": ""Fair"", ""4"": ""Good"", ""5"": ""Very good""}",
social_connect,"To what extent do you agree with the following statement: ""I feel part of the student community and have a sense of social connection to the university""","To what extent do you agree with the following statement: ""I feel part of the student community and have a sense of social connection to the university""",categorical/ordinal recode,"{""1"": ""Strongly disagree"", ""2"": ""Disagree"", ""3"": ""Neutral"", ""4"": ""Agree"", ""5"": ""Strongly agree""}",
sitting_weekday_hours,time you spent sitting on weekdays during a typical week.,time you spent sitting on weekdays during a typical week.,numeric as collected,,
sleep_quality,overall sleep quality,overall sleep quality,numeric as collected,,
nicotine_freq,How often do you consume any nicotine containing products?,How often do you consume any nicotine containing products?,categorical/ordinal recode,"{""0"": ""Never"", ""1"": ""Less than once per week"", ""2"": ""1-2 times per week"", ""3"": ""3-4 times per week"", ""4"": ""5-6 times per week"", ""5"": ""every day"", ""6"": ""1-2 times per day"", ""7"": ""3-4 times per day"", ""8"": ""5 or more times per day""}",
pa_importance,Please select your response to the following statement 'Physical activity is important to me',Please select your response to the following statement 'Physical activity is important to me',categorical/ordinal recode,"{""1"": ""Strongly disagree"", ""2"": ""Disagree"", ""3"": ""Neutral"", ""4"": ""Agree"", ""5"": ""Strongly agree""}",
pa_guideline_awareness,Are you aware of what the current UK government guidelines are for recommended weekly physical activity for your age?,Are you aware of what the current UK government guidelines are for recommended weekly physical activity for your age?,categorical/ordinal recode,"{""0"": ""No"", ""1"": ""Yes""}",
pa_guideline_confidence,"How confident are you that you meet the current UK government guidelines for recommended weekly physical activity? (Only asked to those that responded ""yes"" to knowing what guidelines are)","How confident are you that you meet the current UK government guidelines for recommended weekly physical activity? (Only asked to those that responded ""yes"" to knowing what guidelines are)",categorical/ordinal recode,"{""1"": ""Extremely not confident"", ""2"": ""Somewhat not confident"", ""3"": ""Neutral"", ""4"": ""Somewhat confident"", ""5"": ""Extremely confident""}",Missing values are blank/NA. Some follow-up items are structurally missing when not asked.
pa_activity_level,"On a typical week, on how many days have you done a total of 30 minutes or more of physical activity?","On a typical week, on how many days have you done a total of 30 minutes or more of physical activity?",categorical/ordinal recode,"{""0"": ""inactive"", ""1"": ""fairly active"", ""2"": ""active""}",
pa_resistance_days,"How many days per week, on average, do you engage in resistance training","How many days per week, on average, do you engage in resistance training",integer days parsed from label,"{""0"": ""0 days"", ""1"": ""1 days"", ""2"": ""2 days"", ""3"": ""3 days"", ""4"": ""4 days"", ""5"": ""5 days"", ""6"": ""6 days"", ""7"": ""7 days""}",
pa_barriers,Do you feel there are any barriers to you participating in physical activity?,Do you feel there are any barriers to you participating in physical activity?,categorical/ordinal recode,"{""0"": ""No"", ""1"": ""Yes""}",
pa_changed_uni,Do you feel your physical activity habits have changed since coming to university,Do you feel your physical activity habits have changed since coming to university,categorical/ordinal recode,"{""0"": ""No"", ""1"": ""Yes""}",
pa_change_direction,Please select the option that best describes this change in physical activity habits.,Please select the option that best describes this change in physical activity habits.,categorical/ordinal recode,"{""-1"": ""The change has been overall negative"", ""0"": ""The change has been neither positive nor negative"", ""1"": ""The change has been overall positive""}",Missing values are blank/NA. Some follow-up items are structurally missing when not asked.
eat_fruit,How many servings of fruit do you usually have,How many servings of fruit do you usually have,categorical/ordinal recode,"{""0"": ""Less than one per week"", ""1"": ""1-2 per week"", ""2"": ""3-4 per week"", ""3"": ""5-6 per week"", ""4"": ""1-2 per day"", ""5"": ""3-4 per day"", ""6"": ""5 or more per day""}",
eat_vegetables,How many servings of vegetables do you usually have,How many servings of vegetables do you usually have,categorical/ordinal recode,"{""0"": ""Less than one per week"", ""1"": ""1-2 per week"", ""2"": ""3-4 per week"", ""3"": ""5-6 per week"", ""4"": ""1-2 per day"", ""5"": ""3-4 per day"", ""6"": ""5 or more per day""}",
eat_calcium,How often do you consume calcium containing products,How often do you consume calcium containing products,categorical/ordinal recode,"{""0"": ""Never"", ""1"": ""Less than once per week"", ""2"": ""1-2 times per week"", ""3"": ""3-4 times per week"", ""4"": ""5-6 times per week"", ""5"": ""every day"", ""6"": ""1-2 times per day"", ""7"": ""3-4 times per day"", ""8"": ""5 or more times per day""}",
eat_white_meat,How often do you eat white meat,How often do you eat white meat,categorical/ordinal recode,"{""0"": ""Never"", ""1"": ""Less than once per week"", ""2"": ""1-2 times per week"", ""3"": ""3-4 times per week"", ""4"": ""5-6 times per week"", ""5"": ""every day"", ""6"": ""1-2 times per day"", ""7"": ""3-4 times per day"", ""8"": ""5 or more times per day""}",
eat_red_meat,How often do you eat red meat,How often do you eat red meat,categorical/ordinal recode,"{""0"": ""Never"", ""1"": ""Less than once per week"", ""2"": ""1-2 times per week"", ""3"": ""3-4 times per week"", ""4"": ""5-6 times per week"", ""5"": ""every day"", ""6"": ""1-2 times per day"", ""7"": ""3-4 times per day"", ""8"": ""5 or more times per day""}",
eat_processed_meat,How often do you eat packaged meat,How often do you eat packaged meat,categorical/ordinal recode,"{""0"": ""Never"", ""1"": ""Less than once per week"", ""2"": ""1-2 times per week"", ""3"": ""3-4 times per week"", ""4"": ""5-6 times per week"", ""5"": ""every day"", ""6"": ""1-2 times per day"", ""7"": ""3-4 times per day"", ""8"": ""5 or more times per day""}",
eat_seafood,How often do you eat seafood?,How often do you eat seafood?,categorical/ordinal recode,"{""0"": ""Never"", ""1"": ""Less than once per week"", ""2"": ""1-2 times per week"", ""3"": ""3-4 times per week"", ""4"": ""5-6 times per week"", ""5"": ""Every day"", ""6"": ""1-2 times per day"", ""7"": ""3-4 times per day"", ""8"": ""5 or more times per day""}",
eat_legumes,How often do you eat legumes,How often do you eat legumes,categorical/ordinal recode,"{""0"": ""Never"", ""1"": ""Less than once per week"", ""2"": ""1-2 times per week"", ""3"": ""3-4 times per week"", ""4"": ""5-6 times per week"", ""5"": ""every day"", ""6"": ""1-2 times per day"", ""7"": ""3-4 times per day"", ""8"": ""5 or more times per day""}",
eat_sweets,How often do you eat sweets/cakes/chocolate/crisps?,How often do you eat sweets/cakes/chocolate/crisps?,categorical/ordinal recode,"{""0"": ""Never"", ""1"": ""Less than once per week"", ""2"": ""1-2 times per week"", ""3"": ""3-4 times per week"", ""4"": ""5-6 times per week"", ""5"": ""every day"", ""6"": ""1-2 times per day"", ""7"": ""3-4 times per day"", ""8"": ""5 or more times per day""}",
eat_fast_food,"How often do you order food from, or eat at, fast food establishments or takeaways?","How often do you order food from, or eat at, fast food establishments or takeaways?",categorical/ordinal recode,"{""0"": ""Never"", ""1"": ""Less than once per week"", ""2"": ""1-2 times per week"", ""3"": ""3-4 times per week"", ""4"": ""5-6 times per week"", ""5"": ""every day"", ""6"": ""1-2 times per day"", ""7"": ""3-4 times per day"", ""8"": ""5 or more times per day""}",
eat_convenience_food,"How often do you purchase and consume packaged/convenience foods (e.g ready meals, meal deals)?","How often do you purchase and consume packaged/convenience foods (e.g ready meals, meal deals)?",categorical/ordinal recode,"{""0"": ""Never"", ""1"": ""Less than once per week"", ""2"": ""1-2 times per week"", ""3"": ""3-4 times per week"", ""4"": ""5-6 times per week"", ""5"": ""every day"", ""6"": ""1-2 times per day"", ""7"": ""3-4 times per day"", ""8"": ""5 or more times per day""}",
eat_home_cooked,How often do you prepare and/or consume home-cooked meals?,How often do you prepare and/or consume home-cooked meals?,categorical/ordinal recode,"{""0"": ""Never"", ""1"": ""Less than once per week"", ""2"": ""1-2 times per week"", ""3"": ""3-4 times per week"", ""4"": ""5-6 times per week"", ""5"": ""every day"", ""6"": ""1-2 times per day"", ""7"": ""3-4 times per day"", ""8"": ""5 or more times per day""}",
eat_breakfast,How often do you consume breakfast?,How often do you consume breakfast?,categorical/ordinal recode,"{""0"": ""Never"", ""1"": ""1-2 times per month"", ""2"": ""sometimes"", ""3"": ""Always or almost always""}",
eat_snacks,How often do you snack between meals?,How often do you snack between meals?,categorical/ordinal recode,"{""0"": ""Never"", ""1"": ""1-2 times per month"", ""2"": ""Less than once per week"", ""3"": ""1-2 times per week"", ""4"": ""3-4 times per week"", ""5"": ""5-6 times per week"", ""6"": ""Every day""}",
eat_motivation,"Please select your response to this statement: ""I can motivate myself to eat appropriately.""","Please select your response to this statement: ""I can motivate myself to eat appropriately.""",categorical/ordinal recode,"{""1"": ""Strongly disagree"", ""2"": ""Disagree"", ""3"": ""Neutral"", ""4"": ""Agree"", ""5"": ""Strongly agree""}",
eat_affordability,"I am able to afford the food, beverages and meals that I want to consume regularly.","I am able to afford the food, beverages and meals that I want to consume regularly.",categorical/ordinal recode,"{""1"": ""Strongly disagree"", ""2"": ""Disagree"", ""3"": ""Neutral"", ""4"": ""Agree"", ""5"": ""Strongly agree""}",
eat_barriers,Do you feel that you experience any barriers to healthy eating?,Do you feel that you experience any barriers to healthy eating?,categorical/ordinal recode,"{""0"": ""No"", ""1"": ""Yes""}",
caffeine_non_exam,How often do you consume caffeine containing products NOT EXAM TIME,How often do you consume caffeine containing products NOT EXAM TIME,categorical/ordinal recode,"{""0"": ""Never"", ""1"": ""Less than once per week"", ""2"": ""1-2 times per week"", ""3"": ""3-4 times per week"", ""4"": ""5-6 times per week"", ""5"": ""every day"", ""6"": ""1-2 times per day"", ""7"": ""3-4 times per day"", ""8"": ""5 or more times per day""}",
caffeine_exam,How often do you consume caffeine containing products DURING EXAM PERIODS,How often do you consume caffeine containing products DURING EXAM PERIODS,categorical/ordinal recode,"{""0"": ""Never"", ""1"": ""Less than once per week"", ""2"": ""1-2 times per week"", ""3"": ""3-4 times per week"", ""4"": ""5-6 times per week"", ""5"": ""every day"", ""6"": ""1-2 times per day"", ""7"": ""3-4 times per day"", ""8"": ""5 or more times per day""}",
alcohol_freq,How often do you have a drink containing alcohol?,How often do you have a drink containing alcohol?,categorical/ordinal recode,"{""0"": ""Never"", ""1"": ""Less than once per month"", ""2"": ""1-2 times per month"", ""3"": ""Less than once per week"", ""4"": ""Once per week"", ""5"": ""2-4 times per week"", ""6"": ""5-6 times per week"", ""7"": ""Every day""}",
alcohol_binge_freq,How often do you consume 8 or more units of alcohol on one occasion,How often do you consume 8 or more units of alcohol on one occasion,categorical/ordinal recode,"{""0"": ""Never"", ""1"": ""Less than once per month"", ""2"": ""1-2 times per month"", ""3"": ""Less than once per week"", ""4"": ""Once per week"", ""5"": ""2-4 times per week"", ""6"": ""5-6 times per week"", ""7"": ""Every day""}",
diet_changed_uni,Do you feel that your dietary habits have changed since coming to university?,Do you feel that your dietary habits have changed since coming to university?,categorical/ordinal recode,"{""0"": ""No"", ""1"": ""Yes""}",
diet_change_direction,Please select the option that best describes this change,Please select the option that best describes this change,categorical/ordinal recode,"{""-1"": ""The change has been overall negative"", ""0"": ""the change has been neither positive nor negative"", ""1"": ""The change has been overall positive""}",Missing values are blank/NA. Some follow-up items are structurally missing when not asked.
food_purchase_self,"Who primarily PURCHASES your food, meals and beverages? Please select all that apply: Indicator: self selected.","Who primarily PURCHASES your food, meals and beverages? Please select all that apply: Indicator: self selected.",multi-response binary indicator,"{""0"": ""No"", ""1"": ""Yes""}",
food_purchase_parent_caregiver,"Who primarily PURCHASES your food, meals and beverages? Please select all that apply: Indicator: parent caregiver selected.","Who primarily PURCHASES your food, meals and beverages? Please select all that apply: Indicator: parent caregiver selected.",multi-response binary indicator,"{""0"": ""No"", ""1"": ""Yes""}",
food_purchase_partner,"Who primarily PURCHASES your food, meals and beverages? Please select all that apply: Indicator: partner selected.","Who primarily PURCHASES your food, meals and beverages? Please select all that apply: Indicator: partner selected.",multi-response binary indicator,"{""0"": ""No"", ""1"": ""Yes""}",
food_purchase_friends,"Who primarily PURCHASES your food, meals and beverages? Please select all that apply: Indicator: friends selected.","Who primarily PURCHASES your food, meals and beverages? Please select all that apply: Indicator: friends selected.",multi-response binary indicator,"{""0"": ""No"", ""1"": ""Yes""}",
food_purchase_housemates,"Who primarily PURCHASES your food, meals and beverages? Please select all that apply: Indicator: housemates selected.","Who primarily PURCHASES your food, meals and beverages? Please select all that apply: Indicator: housemates selected.",multi-response binary indicator,"{""0"": ""No"", ""1"": ""Yes""}",
food_purchase_other_family,"Who primarily PURCHASES your food, meals and beverages? Please select all that apply: Indicator: other family selected.","Who primarily PURCHASES your food, meals and beverages? Please select all that apply: Indicator: other family selected.",multi-response binary indicator,"{""0"": ""No"", ""1"": ""Yes""}",
food_purchase_other,"Who primarily PURCHASES your food, meals and beverages? Please select all that apply: Indicator: other selected.","Who primarily PURCHASES your food, meals and beverages? Please select all that apply: Indicator: other selected.",multi-response binary indicator,"{""0"": ""No"", ""1"": ""Yes""}",
food_purchase_none,"Who primarily PURCHASES your food, meals and beverages? Please select all that apply: Indicator: none selected.","Who primarily PURCHASES your food, meals and beverages? Please select all that apply: Indicator: none selected.",multi-response binary indicator,"{""0"": ""No"", ""1"": ""Yes""}",
food_prepare_self,Who primarily PREPARES your food and/or meals? Please select all that apply: Indicator: self selected.,Who primarily PREPARES your food and/or meals? Please select all that apply: Indicator: self selected.,multi-response binary indicator,"{""0"": ""No"", ""1"": ""Yes""}",
food_prepare_parent_caregiver,Who primarily PREPARES your food and/or meals? Please select all that apply: Indicator: parent caregiver selected.,Who primarily PREPARES your food and/or meals? Please select all that apply: Indicator: parent caregiver selected.,multi-response binary indicator,"{""0"": ""No"", ""1"": ""Yes""}",
food_prepare_partner,Who primarily PREPARES your food and/or meals? Please select all that apply: Indicator: partner selected.,Who primarily PREPARES your food and/or meals? Please select all that apply: Indicator: partner selected.,multi-response binary indicator,"{""0"": ""No"", ""1"": ""Yes""}",
food_prepare_friends,Who primarily PREPARES your food and/or meals? Please select all that apply: Indicator: friends selected.,Who primarily PREPARES your food and/or meals? Please select all that apply: Indicator: friends selected.,multi-response binary indicator,"{""0"": ""No"", ""1"": ""Yes""}",
food_prepare_housemates,Who primarily PREPARES your food and/or meals? Please select all that apply: Indicator: housemates selected.,Who primarily PREPARES your food and/or meals? Please select all that apply: Indicator: housemates selected.,multi-response binary indicator,"{""0"": ""No"", ""1"": ""Yes""}",
food_prepare_other_family,Who primarily PREPARES your food and/or meals? Please select all that apply: Indicator: other family selected.,Who primarily PREPARES your food and/or meals? Please select all that apply: Indicator: other family selected.,multi-response binary indicator,"{""0"": ""No"", ""1"": ""Yes""}",
food_prepare_other,Who primarily PREPARES your food and/or meals? Please select all that apply: Indicator: other selected.,Who primarily PREPARES your food and/or meals? Please select all that apply: Indicator: other selected.,multi-response binary indicator,"{""0"": ""No"", ""1"": ""Yes""}",
food_prepare_none,Who primarily PREPARES your food and/or meals? Please select all that apply: Indicator: none selected.,Who primarily PREPARES your food and/or meals? Please select all that apply: Indicator: none selected.,multi-response binary indicator,"{""0"": ""No"", ""1"": ""Yes""}",
